{
  "project_info": {
    "project_number": "293137221568",
    "firebase_url": "https://mapsample-41674.firebaseio.com",
    "project_id": "mapsample-41674",
    "storage_bucket": "mapsample-41674.appspot.com"
  },
  "client": [
    {
      "client_info": {
        "mobilesdk_app_id": "1:293137221568:android:3e13d76c79b42e32",
        "android_client_info": {
          "package_name": "com.example"
        }
      },
      "oauth_client": [
        {
          "client_id": "293137221568-38rk67llmbj32p0b7pnekqtd73lsn8ss.apps.googleusercontent.com",
          "client_type": 3
        }
      ],
      "api_key": [
        {
          "current_key": "AIzaSyDcRw-0bJ8HLN8QyfldQLp14bIOdSSU-uU"
        }
      ],
      "services": {
        "appinvite_service": {
          "other_platform_oauth_client": [
            {
              "client_id": "293137221568-38rk67llmbj32p0b7pnekqtd73lsn8ss.apps.googleusercontent.com",
              "client_type": 3
            }
          ]
        }
      }
    }
  ],
  "configuration_version": "1"
}